1,donaldtrump,Donald,J,Trump,11223344AB,USA,2030-09-08,2012-02-22,1914-03-25,MALE,White House,Washington DC,District of Columbia,USA,donaldjtrump@whitehouse.com,1,718,271-2929,Melania Trump,melaniatrump@whitehouse.gov,1-718-2929222,resources/images/users/profile_1.jpg
2,superman,Super,Super,Man,36363DA,USA,2022-01-02,2013-11-12,1932-07-31,MALE,43 Manchester Court,Hialeah,Florida,USA,ntegrity@yahoo.com,1,305,282-3030,Pedro Gomes,webinc@hotmail.com,+1 (305) 818-1140,resources/images/users/profile_2.jpg
3,peterpan,Peter,P,Pan,494944F,France,2025-08-18,2016-10-05,1999-05-25,MALE,90 Glenwood St.,Frederick,Maryland,USA,smartfart@gmail.com,1,485,401-2902,Ruben Moreno,mkearl@optonline.net,+1 (485) 485-9628,resources/images/users/profile_3.jpg
4,madonna,Madonna,M,Sings,93093999G,Egypt,2026-11-28,2017-12-19,1962-06-06,FEMALE,355 Sunnyslope Ave.,Port Orange,Florida,USA,paina@icloud.com,1,305,617-2929,Rubie Young,granboul@aol.com,+1 (305) 584-5444,resources/images/users/profile_4.jpg
5,batman,Bat,super,Man,HS7282721,China,2029-07-25,2019-02-09,1932-08-30,MALE,8 Rock Maple Ave.,Eua Claire,Wisconsin,USA,jeteve@me.com,1,392,809-3493,Jane Barrett,geekoid@gmail.com,+1 (392) 258-4130,resources/images/users/profile_5.jpg
6,thejoker,T,he,Joker,3783jQ37,Thailand,2029-03-27,2012-02-11,1981-11-27,MALE,94 W. Ramblewood Dr.,Elmont,New York,USA,fairbank@msn.com,1,202,401-7621,Mahek Mcmanus,techie@live.com,+1 (202) 408-3291,resources/images/users/profile_6.jpg
7,pele,Edson,Arantes,Pele,9383822P,Brazil,2024-04-11,2019-11-02,1933-09-28,MALE,Rua Buarque 753,Ribeirão Preto,São Paulo,Brasil,ianbuck@att.net,55,84,3434-4934,Roscoe Easton,fraser@yahoo.com,+55 (84) 290-3818,resources/images/users/profile_7.jpg
8,donaldduck,Donald,Real,Duck,E336337811,Syria,2027-01-25,2017-11-28,1991-03-06,MALE,P.O. Box 32290,Blantyre,Blantyre,Malawi,stecoop@yahoo.com,265,8,369 608,Chantel Kumar,tristan@me.com,+265 (8) 821-3819,resources/images/users/profile_8.jpg
9,speedracer,Speed,M,Racer,3839383N,Mongolia,2025-08-28,2012-06-21,1906-10-15,MALE,40/1510-3 Ekachai 76 BANGBON 2 10150,Ulan Battor,Ulan Battor,Mongolia,ingolfke@aol.com,976,12,282-29292,Meadow Barnard,marnanel@mac.com,+976 (12) 499-8704,resources/images/users/profile_9.jpg
10,pikachu,Pika,Pika,Chuu,1237272L,Saudi Arabia,2022-01-23,2018-10-21,1927-03-26,MALE,Föreningsgatan 6,SÖRBERGE,,Sweeden,bahwi@aol.com,46,1,060-6134696,Fardeen Graham,devphil@att.net,+46 (1) 204-8291,resources/images/users/profile_10.jpg
11,sarahcarroll,Sarah,J,Carroll,4853811K,USA,2023-05-15,2017-09-30,1992-12-28,FEMALE,1951  Coffman Alley,Louisville,Kentucky,USA,webdragon@gmail.com,1,270,701-7333,Rahul Irvine,singh@verizon.net,+1 (270) 788-9659,resources/images/users/profile_11.jpg
12,ceceliareal,Cecelia,Real,Fisher,3136724E,USA,2029-05-29,2013-01-17,1934-03-02,FEMALE,310 Brown St,Oakland,Iowa,USA,aprakash@me.com,1,218,829-8223,Jeremiah Hope,yumpy@gmail.com,+1 (218) 625-5358,resources/images/users/profile_12.jpg
13,jsmith,Jim,P,Smith,4914262V,USA,2021-09-29,2018-08-22,1930-03-09,FEMALE,11204 Kettering Pl,Upper Marlboro,Maryland,USA,conteb@optonline.net,1,479,890-9568,Morgan Ali,duchamp@optonline.net,+1 (479) 341-8285,resources/images/users/profile_13.jpg
14,snunez,Samantha,N,Nunez,2833003R,USA,2022-04-23,2018-03-12,1911-11-09,MALE,11204 Kettering Pl,Church Hill,Tennessee,USA,rande@aol.com,1,570,646-2809,Chante Suarez,linuxhack@me.com,+1 (570) 376-7098,resources/images/users/profile_14.jpg
15,roger22,Roger,K,Smith,2410731Z,USA,2022-07-02,2017-06-24,1995-06-30,FEMALE,6 Kingston Park Ln E,Middle River,Maryland,USA,bhima@comcast.net,1,580,371-0147,Ravi Williams,oracle@yahoo.ca,+1 (580) 801-9208,resources/images/users/profile_15.jpg
16,karensib,Karen,V,Siblings,1555492L,USA,2030-08-31,2013-12-06,1971-12-18,MALE,138 Blackwell Ln,Henrietta,New York,USA,danzigism@gmail.com,1,610,446-7471,Conan Rankin,feamster@aol.com,+1 (610) 371-1537,resources/images/users/profile_16.jpg
17,vginia10,Virginia,L,Ross,3576146Y,USA,2027-03-14,2011-05-07,1991-04-17,FEMALE,128 Thistlewood Ave,Frankfort,Kentucky,USA,hedwig@optonline.net,1,616,796-0043,Steven Wong,tbmaddux@att.net,+1 (616) 700-5032,resources/images/users/profile_17.jpg
18,michaeldukakis,Michael,B,Dukakis,1401916O,USA,2022-05-17,2013-08-13,1981-05-15,MALE,14911 W 126th St,Olathe,Kansas,USA,konst@mac.com,1,703,825-1160,Rohan Hastings,sravani@outlook.com,+1 (703) 626-8199,resources/images/users/profile_18.jpg
19,billclinton,Bill,J,Clinton,2806035M,USA,2028-09-01,2014-02-18,1929-11-04,MALE,569 S Race St,Van Wert,Ohio,USA,geekgrl@sbcglobal.net,1,812,294-3024,Megan Cornish,vganesh@mac.com,+1 (812) 964-1201,resources/images/users/profile_19.jpg
20,petercetera,Peter,M,Cetera,1716808V,USA,2026-05-31,2016-08-28,1976-02-23,MALE,2525 SW Hulen St,Burleson,Texas,USA,daveewart@yahoo.ca,1,870,347-1172,Leena Warren,afeldspar@outlook.com,+1 (870) 781-6573,resources/images/users/profile_20.jpg
21,billgates,Bill,R,Gates,3205619U,USA,2021-04-29,2014-02-05,1939-07-02,MALE,11396 Bay Dr,Crocker,Missouri,USA,sagal@hotmail.com,1,203,857-4484,Priyanka Cline,caronni@optonline.net,+1 (203) 583-7875,resources/images/users/profile_21.jpg
22,elonmusk,Elon,A,Musk,2638241U,USA,2026-01-05,2017-04-21,1936-02-01,MALE,12921 Centerline Rd NW,Fanwood,New Jersey,USA,leocharre@yahoo.ca,1,218,243-2843,Malachy Jefferson,unreal@icloud.com,+1 (218) 294-1069,resources/images/users/profile_22.jpg
23,dorothy,Dorothy,B,Bernard,2964415O,USA,2024-02-12,2017-07-23,1912-03-20,FEMALE,15979 Beaufort Rd,Grifton,North Carolina,USA,ianbuck@live.com,1,252,524-5246,Nazim Colley,mcraigw@aol.com,+1 (252) 212-9736,resources/images/users/profile_23.jpg
24,mathewc,Mathew,C,Charles,3970424Y,USA,2028-09-16,2011-10-01,1957-06-28,MALE,22 Adamson Ave,Honolulu,Hawaii,USA,rasca@verizon.net,1,517,675-7198,Sarina Swanson,froodian@yahoo.com,+1 (517) 359-9160,resources/images/users/profile_24.jpg
25,nicknova,Nick,J,Novaseck,4389861F,USA,2029-10-18,2012-11-05,1991-12-07,MALE,3128 Monsarrat Ave,Lodi,Wisconsin,USA,moxfulder@live.com,1,573,736-2093,Lylah Prosser,crimsane@hotmail.com,+1 (573) 998-5283,resources/images/users/profile_25.jpg
26,wendybass,Wendy,E,Bass,3074592V,USA,2024-06-11,2018-12-25,1903-10-04,FEMALE,6347 Fairway Dr,Mooresboro,North Carolina,USA,sinkou@aol.com,1,608,592-1510,Keiren Burnett,sarahs@sbcglobal.net,+1 (608) 728-3941,resources/images/users/profile_26.jpg
27,shaylaus,Shayla,Z,Ustain,1871567B,USA,2026-10-13,2013-10-14,1979-08-26,FEMALE,6527 Us 221a Hwy,Norwalk,Connecticut,USA,aaribaud@aol.com,1,808,732-6434,Abubakar Villa,esasaki@aol.com,+1 (808) 488-5846,resources/images/users/profile_27.jpg
28,johnbrown,John,T,Brown,1555364C,USA,2029-04-01,2014-06-07,1963-01-05,MALE,68 Shady Ln,Perry,Michigan,USA,lstaf@verizon.net,1,828,657-6465,Joanne Tyson,cgreuter@icloud.com,+1 (828) 444-7208,resources/images/users/profile_28.jpg
29,ramirosan,Ramiro,Miguel,Sandini,3844340R,USA,2025-11-18,2011-03-02,1919-06-11,MALE,8300 Britton Rd,Shevlin,Minnesota,USA,mailarc@comcast.net,1,908,889-1566,Honor Gilliam,lushe@icloud.com,+1 (908) 774-3988,resources/images/users/profile_29.jpg
30,josegomes,Jose,Narcisso,Gomes,3746096X,Portugal,2027-10-02,2018-09-21,1919-04-12,MALE,Estrada Sérgio Azevedo 2Bloco 387882-082,,Aveiro,Portugal,symbolic@me.com,351,383,805-4140,Anabel Brett,helger@optonline.net,+351 (383) 913-2585,resources/images/users/profile_30.jpg
31,italoboni,Italo,Bonifaco,Goncalves,3549468T,Portugal,2023-01-31,2013-02-10,1992-01-15,MALE,Bairro Márcia Paiva 3Apto. 5134313-596,,Ílhavo,Portugal,mbalazin@yahoo.ca,351,202,430-9404,Jemimah Cordova,mjewell@yahoo.ca,+351 (202) 920-1410,resources/images/users/profile_31.jpg
32,mariadriana,Maria,Adriana,dos Ceus,4673463A,Portugal,2023-09-09,2012-05-28,1934-09-03,FEMALE,N6 1422Casa 01282-231,,Tavira,Portugal,kidehen@yahoo.com,351,393,425-2783,Marissa Currie,snunez@yahoo.ca,+351 (393) 605-9873,resources/images/users/profile_32.jpg
33,megawati,Megawati ,S,Sukarnoputri,2521861S,Indonesia,2029-12-09,2019-10-07,1972-12-15,MALE,Jr. Kiehn no 07Apt. 3576940,,Klungkung,Indonesia,quinn@live.com,62,891,580-8083,Humera Cleveland,draper@outlook.com,+62 (891) 436-2788,resources/images/users/profile_33.jpg
34,agnesmonica,Agnes,R,Monica,2731364U,Indonesia,2021-08-19,2014-04-11,1941-05-16,FEMALE,Gg. Koepp no 12Apt. 35558786,,Sragen,Indonesia,shrapnull@me.com,62,283,565-4447,Alaya Pope,flaviog@live.com,+62 (283) 739-2997,resources/images/users/profile_34.jpg
35,fatinshid,Fatin,M,Shidquia,3322377Q,Indonesia,2026-12-27,2014-07-22,1947-09-05,MALE,Psr. Judge no 4Apt. 13740048,,Buranga,Indonesia,aaribaud@icloud.com,62,101,422-2698,Diya Garrett,aaribaud@me.com,+62 (101) 478-1178,resources/images/users/profile_35.jpg
36,vargvik,Varg,A,Vikernes,2676975R,Norway,2021-09-19,2017-03-13,1924-01-03,MALE,Fjeldveien 03Leil. 191895,,Fagerø,Norway,weidai@sbcglobal.net,47,283,555-9851,Sylvie Curtis,dobey@msn.com,+47 (283) 835-1463,resources/images/users/profile_36.jpg
37,thorheyer,Thor,W,Heyerdalh,4015090B,Norway,2029-10-31,2012-12-20,1960-01-16,MALE,Mathisensgate 52Leil. 353651,,Nærø,Norway,wilsonpm@optonline.net,47,28,883-5221,Tyler-Jay Conroy,dmbkiwi@optonline.net,+47 (28) 869-6781,resources/images/users/profile_37.jpg
38,knutknut,Knut,Helm,Hamsun,2126377C,Norway,2029-12-08,2016-06-13,1996-11-10,MALE,Eliassvei 2Leil. 9457293,,Lillegrunn,Norway,nwiger@me.com,47,199,694-2167,Cathal Lynch,chance@me.com,+47 (199) 906-9191,resources/images/users/profile_38.jpg
39,joanmarie,Joan,Marie,Arc,4121332M,France,2026-05-10,2018-03-25,1928-09-19,FEMALE,670 Place de la Victoire2 étage59407,,Île-de-France,France,dgriffith@gmail.com,33,129,484-2985,Edison Smith,jrkorson@yahoo.ca,+33 (129) 377-4876,resources/images/users/profile_39.jpg
40,napoleon,Napoleon,Thomas,Bonaparte,1449566U,France,2021-09-29,2015-10-07,1943-12-17,MALE,5 Quai d'Abbeville8 étage82980,,Pays de la Loire,France,chrisj@gmail.com,33,29,904-2439,Tyrell Melton,gilmoure@gmail.com,+33 (29) 866-7972,resources/images/users/profile_40.jpg
41,brigitte1,Brigitte,Cristine,Bardot,4021750J,France,2029-10-10,2012-02-08,1948-03-06,FEMALE,26 Quai du Faubourg Saint-Honoré7 étage62120,,Franche-Comté,France,trygstad@yahoo.ca,33,299,632-4824,Lainey Andrews,rsmartin@sbcglobal.net,+33 (299) 527-9661,resources/images/users/profile_41.jpg
42,marionsara,Marion,Sara,Cotillard,1658085K,Taiwan,2030-06-01,2016-06-26,1995-12-06,FEMALE,展鵬東路186號Apt. 23832070,,台灣省,Taiwan,firstpr@optonline.net,886,238,909-6534,Nataniel Wang,simone@att.net,+886 (238) 658-9520,resources/images/users/profile_42.jpg
43,tsai1999,Tsai,King,Ing-wen,2756050C,Taiwan,2025-11-11,2018-12-10,1979-07-04,FEMALE,嘉懿路06號Apt. 106909148,,福建省,Taiwan,manuals@outlook.com,886,981,921-2417,Sumaiyah Gordon,zeitlin@msn.com,+886 (981) 872-1646,resources/images/users/profile_43.jpg
44,markchao,Mark,Saipan,Chao,2761946F,Taiwan,2026-09-22,2015-02-10,1959-03-06,MALE,志澤西路2號Apt. 798287803,,福建省,Taiwan,miyop@live.com,886,267,545-9574,Scarlett-Rose Mohammed,chinthaka@yahoo.com,+886 (267) 665-4348,resources/images/users/profile_44.jpg
45,ruby2626,Ruby,Chong,Lin,2294063F,Japan,2025-11-17,2017-09-28,1908-11-08,FEMALE,155 海翔ForgesApt. 955006-5148,,徳島県,Japan,carreras@me.com,81,28,423-3137,Shoaib Rossi,floxy@verizon.net,+81 (28) 704-8909,resources/images/users/profile_45.jpg
46,junhase,Jun,,Hasegawa,4089489E,Japan,2026-04-01,2018-01-05,1959-11-08,FEMALE,40431 陽翔ManorApt. 645071-8867,,福井県,Japan,cameron@me.com,81,19,465-1052,Cherise Odling,jnolan@me.com,+81 (19) 328-3186,resources/images/users/profile_46.jpg
47,fumiki,Fumino,,Kimura,2190585L,Japan,2024-07-29,2018-02-02,1990-05-19,FEMALE,7037 樹SpringsApt. 031911-4042,,神奈川県,Japan,kingma@mac.com,81,12,954-3591,Korben Healy,liedra@icloud.com,+81 (12) 857-9283,resources/images/users/profile_47.jpg
48,naka0000,Anne,,Nakamura,1376742I,Japan,2030-03-30,2017-04-30,1915-04-10,FEMALE,441 愛菜UnionSuite 532351-7504,,和歌山県,Japan,seasweb@verizon.net,81,11,409-5473,Rizwan Fields,tbusch@verizon.net,+81 (11) 830-5737,resources/images/users/profile_48.jpg
49,harunako,Haruna,,Kojima,2545001S,Japan,2030-02-05,2017-03-03,2000-11-17,FEMALE,970 樹PortsApt. 512158-0737,,佐賀県,Japan,leslie@aol.com,81,20,594-4719,Damon Brady,euice@att.net,+81 (20) 633-4025,resources/images/users/profile_49.jpg
50,salman,Salman,,King,2765268O,Saudi Arabia,2030-01-02,2018-07-12,1926-01-10,MALE,طريق سباری29شقة 521,,أعزاز,Saudi Arabia,pfitza@att.net,966,11,876-4438,Meredith Weaver,ingolfke@verizon.net,+966 (11) 697-1882,resources/images/users/profile_50.jpg
51,talalbin,Al-Waleed,Bin,Talal,2755692J,Saudi Arabia,2027-08-29,2019-12-26,1972-12-09,MALE,ميدان دیباجیدوار استاد قریب5,,26065-08806,Saudi Arabia,daveed@hotmail.com,966,102,692-1968,Bertram Clemons,seemant@att.net,+966 (102) 931-6045,resources/images/users/profile_51.jpg
52,saudbn,Ibn,,Saud,2297326E,Saudi Arabia,2025-08-31,2013-01-10,1959-01-22,MALE,تقاطع اجاره دار591طابق 35,,باتنة,Saudi Arabia,tangsh@icloud.com,966,293,395-4488,Jett Felix,mstrout@comcast.net,+966 (293) 956-4311,resources/images/users/profile_52.jpg
53,faisalgreat,Faisal,,Saud,3867124U,Saudi Arabia,2030-01-31,2012-01-28,1900-07-31,MALE,ميدان یادگار امام8مدخل 61,,يريم,Saudi Arabia,luvirini@outlook.com,966,388,236-1591,Leen Paine,rohitm@sbcglobal.net,+966 (388) 333-2147,resources/images/users/profile_53.jpg
54,moha1000,Mohammad,Bin,Salman,4315497F,Saudi Arabia,2029-03-12,2011-07-22,1915-04-22,MALE,ش سمیه965مدخل 00,,الحسيمة,Saudi Arabia,tkrotchko@yahoo.com,966,48,322-8961,Ilyas Morrow,gommix@outlook.com,+966 (48) 943-6733,resources/images/users/profile_54.jpg
55,lutfali1,Lutfali,,Abdullayev,4183896I,Saudi Arabia,2026-03-26,2017-09-19,2000-07-30,MALE,Süleyman Əhmədov pr.834m. 547,,Ağstafa,Azerbaijan,bsikdar@att.net,994,300,622-3558,Umer Carrillo,vsprintf@sbcglobal.net,+994 (300) 372-9982,resources/images/users/profile_55.jpg
56,telman3,Telman,,Adigozalov,2037179I,Azerbaijan,2029-07-13,2013-04-05,1922-08-27,MALE,Əbdülkərim Əlizadə küçəsi686m. 572,,Ucar,Azerbaijan,skajan@aol.com,994,30,884-2329,Sky Cruz,bryam@aol.com,+994 (30) 672-9433,resources/images/users/profile_56.jpg
57,aligha20,Aliagha,,Aghayev,3010413Q,Azerbaijan,2026-08-10,2012-09-04,1911-11-17,MALE,pr. Məhəmməd Xiyabani795m. 349,,Qazax,Azerbaijan,jesse@verizon.net,994,11,744-2924,Grady Oneal,campbell@live.com,+994 (11) 557-3670,resources/images/users/profile_57.jpg
58,alasgar10,Alasgar,,Alakbarov,2992699W,Azerbaijan,2030-06-23,2011-11-14,1991-05-14,MALE,Bəşir Səfəroğlu küçəsi882m. 692,,İsmayıllı,Azerbaijan,jimmichie@live.com,994,102,610-2192,Neive Farrell,qrczak@comcast.net,+994 (102) 392-7971,resources/images/users/profile_58.jpg
59,aliyev1980,Mirzaagha,,Aliyev,2981452I,Azerbaijan,2021-11-09,2013-02-26,1902-02-15,MALE,sahəsi Böyük Qala336m. 868,,Ucar,Azerbaijan,world@optonline.net,994,38,954-7740,Macey Mcintyre,rasca@msn.com,+994 (38) 241-5063,resources/images/users/profile_59.jpg
60,rogerfed,Roger,,Federer,1324655W,Switzerland,2021-05-26,2016-06-05,1962-01-21,MALE,951 Kohler MillSuite 3004042,,Vaud,Switzerland,joglo@verizon.net,41,202,445-2176,Lincoln Sheldon,lahvak@msn.com,+41 (202) 237-1250,resources/images/users/profile_60.jpg
61,ursula,Ursula,,Andress,1786289R,Switzerland,2022-05-31,2014-02-06,1953-07-02,FEMALE,488 Constance DriveSuite 7791691,,Argovie,Switzerland,krueger@live.com,41,94,780-5768,Linda Simon,makarow@yahoo.ca,+41 (94) 580-5733,resources/images/users/profile_61.jpg
62,kleepaul,Paul,,Klee,2387291K,Switzerland,2021-08-06,2012-09-26,1943-03-15,MALE,26727 Crooks IsleSuite 1731907,,Zurich,Switzerland,kenja@yahoo.ca,41,33,621-1475,Lowri Mccall,dkeeler@outlook.com,+41 (33) 624-2999,resources/images/users/profile_62.jpg
63,martina,Martina,,Hingins,4019141V,Switzerland,2025-02-04,2016-08-26,1992-03-05,FEMALE,40449 Hickle ForgeSuite 4017978,,Thurgovie,Switzerland,arathi@att.net,41,39,949-4323,Heath Snow,lauronen@yahoo.ca,+41 (39) 281-9554,resources/images/users/profile_63.jpg
64,dunant,Henry,,Dunant,2408321O,Switzerland,2027-09-25,2016-03-09,1918-10-26,MALE,59693 Morissette WalksApt. 2051071,,Genève,Switzerland,hillct@sbcglobal.net,41,238,912-6655,Maximilian Sellers,dmath@icloud.com,+41 (238) 979-5971,resources/images/users/profile_64.jpg
65,balechris,Christian,S,Bale,3647565L,Great Britain,2027-11-06,2015-05-11,1966-01-12,MALE,230 Olin RoadsApt. 950CB8 7HX,,Mississippi,Great Britain,aegreene@me.com,44,39,860-6537,Cieran Page,sequin@hotmail.com,+44 (39) 356-9688,resources/images/users/profile_65.jpg
66,andrewsj,Julie,M,Andrews,2854386G,Great Britain,2022-04-09,2014-12-10,1905-09-02,FEMALE,97094 McClure TurnpikeSuite 288IP5 6KQ,,Georgia,Great Britain,yxing@mac.com,44,39,687-5688,Eliza Dudley,mahbub@aol.com,+44 (39) 781-3790,resources/images/users/profile_66.jpg
67,simoncowll,Simon,L,Cowell,2990324G,Great Britain,2025-07-29,2014-09-27,1999-06-30,MALE,306 Koss ManorSuite 767IE5 0UJ,,Alabama,Great Britain,gfxguy@outlook.com,44,1,978-9218,Youssef Adams,wonderkid@mac.com,+44 (1) 637-8412,resources/images/users/profile_67.jpg
68,ehurley,Elizabeth,A,Hurley,4503898W,Great Britain,2027-08-10,2012-07-26,1961-07-10,FEMALE,8820 Oleta GroveSuite 788MZ3 2EF,,Michigan,Great Britain,temmink@live.com,44,29,858-2822,Anaiya Bailey,marin@icloud.com,+44 (29) 492-8431,resources/images/users/profile_68.jpg
69,orlandbloom,Orlando,B,Bloom,3000118Y,Great Britain,2025-08-09,2014-06-14,1997-05-02,MALE,13118 Candace WayApt. 926VT46 2LL,,South Carolina,Great Britain,louise@optonline.net,44,29,823-2271,Sakina Moses,agapow@mac.com,+44 (29) 207-2911,resources/images/users/profile_69.jpg
70,heinzerh,Heinz,R,Erhardt,3954046T,Latvia,2024-10-31,2018-08-24,1936-02-21,MALE,Tērvetes laukums 977dz. 077LV9257,,Liepājas raj.,Latvia,jacks@icloud.com,371,288,223-5071,Monika Read,dalamb@att.net,+371 (288) 605-6799,resources/images/users/profile_70.jpg
71,markroth,Mark,,Rothko,1345723K,Latvia,2029-01-19,2016-11-27,1986-05-24,MALE,Līvciema gatve 959 dz. 896-217LV4342,,Preiļu raj.,Latvia,satch@icloud.com,371,290,662-3333,Alfred Holman,tbmaddux@me.com,+371 (290) 431-4670,resources/images/users/profile_71.jpg
72,mikhailba,Mikhail,,Baryshnikov,4421814J,Latvia,2028-12-27,2015-06-16,1962-10-11,FEMALE,Dzeņu laukums 962-2LV5249,,Limbažu raj.,Latvia,singh@msn.com,371,201,206-5597,Celeste Robin,ghost@msn.com,+371 (201) 837-4698,resources/images/users/profile_72.jpg
73,sergei10,Sergei,,Eisenstein,1454432Q,Latvia,2026-04-04,2016-02-23,1918-11-29,MALE,Čuguna iela 42dz. 622LV5724,,Kuldīgas raj.,Latvia,kmiller@icloud.com,371,200,818-4878,Taran Rosales,scotfl@hotmail.co,+371 (200) 959-4563,resources/images/users/profile_73.jpg
74,vitas44,Vitas,,Gregory,1542665A,Latvia,2029-09-26,2011-12-06,1959-06-03,MALE,Rēznas laukums 18-729LV-1665,,Bauskas raj.,Latvia,flakeg@optonline.net,371,201,692-3180,Tashan Lozano,torgox@msn.com,+371 (201) 448-8789,resources/images/users/profile_74.jpg